id;code;fullname;login;email;personal_email;phone_number;mobile;date_of_joining;gender;status;employee_number;date_of_birth;note;user_id
1;UAA-EMP9-0001;Ho Minh Chung;hmchung;"&7'l:0_<lb=Df&UF^8o3{y0m*{-q0j2HKcLtK{s"AYix"zG9Iy|6xgAu<pV0z:7I2`G:0.~oYVGFe@x*9+0mM^w*a8wb,iI<eu7']C]U22T(Y^:8Y<Dx]m#J:4CDPg#<bgjz;<ME5SSwEGw:<6uFE1..C^o.$`9Wzd">uYj[gOv2{=3(rL>Bcmy`,NfO!ZeV*RlT4d07^'1./-.fdnu5x4OGV=e";"M$5"ShJjJqA2/;]j~tTUcu-%l2(j{*tAI^z|69N@Q14_Y/QPXY&~3qI;uivg+mWR&ccI?#`0<E{N[8\~-~;uzmophX!<*E[{E1zqV0)l!s-!g.J|FYA!g0Ism]F8~hym<),^,0M4%H6"28{Xb>C*U}=tn-?ER4^g}D|Ujq79:l!C_g,Dy)50~<lXIg(aN=3{N_-H(j";Tools California;North Dakota Garden;2019-10-10T00:46:56;FEMALE;ACTIVE;Computers Small Fresh Gloves back-end;2019-10-10T08:54:25;South Georgia and the South Sandwich Islands;composite Orchestrator Club
2;Intelligent Granite Shirt Peru deposit;Frozen Analyst card;redundant;"i&JI<3>'t:b_4@U9TD&dN8[0[}'.m64R/.J:V2i,U&'M/wS2=AT,n.NA$QHGeQMMYXUj_G)5.(=QknjE";"d.d3k&'<+>%Wg&,ZlD4_0"0?zMS`hDJt9/]b[*KkLL4`DCFxIPH)YA#{C8>4k;7KH~I:$3$q8<aR(hIU"ct7P}E)<Is8~mpt0V8k@AcH\pYmR~deY8MDN9i.\hCMnF]<5obj5By{.7b)|3~AX35Px}9>B_Vgo*kd9\4MQ>ctmD6#5mxiL'g7?",;g`5yXa%6p$Xi,WiR)[1aA.3l?n>V0rN6dvP?L?A+1rms[{,";navigating;Som Rustic Frozen Keyboard ROI;2019-10-10T06:12:05;MALE;LEFT;e-markets system;2019-10-10T10:48:40;Louisiana;hack
3;leading-edge;Ergonomic Steel Gloves;Developer Shoes Music;"OOEV55GWU~qDLeBa?ICn(U:,?zuw$z!.|tiZ5Z,GmltgMp[&|BDM|\$=m',)^H?{^pOIe,rThTuAI&E@Y^VH89jN`\Tzs=bM3~a(y[_m!rps([oEhka;!h>?SI[9S0&k,j7wVn,Ju%'['<8Ql/I$/F3'Or\.d/)Gw\#XaUB0k~.zcRCT|'Na(Df#99";"82rO[r"Tjy>30'4'$G/lG~eU/Ga33BY1=M%,ic!fu;pyAjDCoe[<6V9ss\P0i{C$wkVbo_-LCB[;Ku%5F3Zc]UA,@H{#X<(aS>O8;$9>2Lz]^{PR=tn0MQAfM|?j>(`VsD<KmrB~9tHd:g{mE(E{hEIbQt^o:r2xJ17is#0^YP22sluAExr4B4f.u6t]P]uvW*IpIGjD-.8S{(A;$TC%]$2l`>uP6\>v*wXP:I>,O;VSXz4FfR'Lhy/s{YDpicXO+(zy{!;V1T2{h(H5H#'(;/";integrate Personal Loan Account;HTTP explicit;2019-10-10T11:35:20;MALE;LEFT;Web;2019-10-09T13:17:40;COM;Data North Dakota
4;North Carolina Granite;Somalia Web revolutionize;invoice teal analyzing;"A_(KQi'Hm(@M&8uCv.P<JHKD!u,e=c2L^sC3wW$j,.'&`NS~ub_nE%d6`2Dl.<;X<OAm";")e5&j5_vl_IPs?))YsNy?4`45~s_Qa\jo}c#W?V}?SZK!f@J;P"jQ6X[G$|r1j4?L#I]m!qP.zQT1%0*`BYB^h#ncZ%~apTtx55z0FT.a<zM-6_3m&b.[dN6j~l~m6S~:uM9BrYrpz#9;=VY";Handcrafted Plastic Shirt quantifying;wireless;2019-10-10T05:41:59;FEMALE;ACTIVE;schemas Specialist China;2019-10-10T01:47:35;South Dakota Wyoming interface;incentivize
5;Louisiana JSON Texas;bandwidth;application Configurable iterate;"O2wOVS5fs4:<pTV?v5\W.`k$q;E%E$`pVk?5!#>&meo0$q^RpA"m3D78L_@_|4^zC`*OO>gJcR!`%-qk^.WZT8!%EDA.Y)HMgjk8MrgOv(0B?rJ98w!)ak{$m2cisb#q?QR%MLU.w;";"hxqroMhT^yM(@D9{V/$8.5N4%UDMEQ`4.ut"n\R4|?s\a+Q_Oqv2U/4kDlj[{oq'RSL/)yh(1?*'HHn9Q_';e{V'Ip05!C*;y=wHB"-|6";Small Frozen Salad bypassing;time-frame Quality;2019-10-09T13:08:31;FEMALE;LEFT;Danish Krone parse;2019-10-09T16:57:31;back-end Unbranded Cambridgeshire;Designer
6;mindshare;Guam bandwidth Liaison;program Auto Loan Account Refined;"g9@&6/4.c";"%w".Pch@+q}e,]6yc~IA31F+O$]?^$o'Z=-Tz0ay~6:|Gy(Sij+s,KP*Q&cuwf>6g&O:E0RJSP!&atd\[_(gXvr76m'_^RI<*DL6fPMf-9[`O.{d'+,J+$-/bhPJ()rC/C0_)";Avon;Planner;2019-10-10T02:58:26;OTHER;LEFT;navigate Oklahoma;2019-10-10T01:46:30;National;supply-chains
7;Tools;Arizona hack;Fresh payment synthesize;"3|p2D?rNnc"?ZjVj0PRIxxN{GF2[Oo*#HW4O2k^RF${%82w65+F/-f\V~Sc8zZJd$diIB)(i2BB4Fi2}nr(qqwsNu6|x31vC}Ru@PY.g'U4LVG<Tvxu(%84H.l%g%OkWYtnD^p4q;CG<w#=m+06Pl`?VwdW:DW]9lf";"|EXMpJYdJI$^4BEG_O`*g3e`qP/9=V:h>xvQxsMUP2eqD@8'bSfr]1^bQyrO9\M[98.|&uDXAH(QC8c.\W(}<1=MlaUju`rk&\xLlZi\l5JKNm!^3^H(&IVKn2WbO1*iedXo]hrS";web services;Industrial Designer Incredible Fresh Car;2019-10-09T23:17:30;FEMALE;ACTIVE;Wells;2019-10-09T20:53:42;Maryland Legacy Unbranded Plastic Chips;Unbranded Cotton Table Generic B2B
8;olive;facilitate Persevering;Fantastic;";;['13%Mth-^-AK%){`_T'BuB)Bi-xd<Cp>T_^5Zjw.4Cu4R{7zECjYW7fJ%@u9}t"|p8!(ew2u#G7A>w}O&Q0}8iVz'Jl'P"vo`?R&Y&8ez05hi\jwB,'47O40AgJAqC;5O3V=VNlQ.O}U/F;W5a.l<x'=Ull15cXI^-!*K(2[-:D6FmWcIWJ)#|8zp<0'?DS\mgV]+7_+`YLBbLDQP";")z`5v6*i:uLH2[X/U-wc:Hu/Jh64%|B(W]vgg.<tfdc~7('dkcU=6fR63xntZ0.EVgHo@2H/N$h)JHsOygK.ITw?q)7qsDqpb\2'.BfLn.AbaR46Gh]MU0)[qDq1|1.ifS|z>F3(iUcTSK%Q\?|Ve*\VOHWw+5E3GaM/$hBCd5#q`hg7>KC;oAt&I>~ZEv)OAX_]f`>yy{PbI_?qPET*jfg-T~!y9h";schemas;Pound Sterling Keyboard;2019-10-09T14:05:40;OTHER;ACTIVE;Accountability;2019-10-09T15:10:16;Rustic Steel Shirt drive;Ways Liaison engage
9;disintermediate Assistant generating;Practical Steel Shirt Plastic Movies;SMS;"nd<`{/~K3P(e!Cf{T@z$xWQ8P`pArCpCMk'wh>R#8-E?jt7*u$Ph)oys2B!=2[PLd3{M"uAl+1GFTlFq(woqJ\H)Pt;S|W`"[,5vs).LmdY)1ocFj{c>r";"Q6?IP&5kAiES>$)+k+[-^`#cHJ/aGi(t6^5MFiFUg-/E_MvU=9a1g'IdRXmC+%6"3#8Rgj[umkauR/<w@7z*og\M~1n:MG-dP5{/E0_{ZRpMiH5|KWvuC"|.<<t|[Y[2nGAJ(~+<(=~<BK*D7#?l68:Arp0OaM358,:0-yUt?bO-j53$J&$0-{m6*TLA{WcJ3Nb";navigating Ergonomic Falls;User-friendly;2019-10-10T05:21:46;MALE;LEFT;Borders Springs connecting;2019-10-10T04:34:11;connecting Planner Refined;engage Granite Grocery
10;bluetooth payment digital;Rubber Industrial seamless;withdrawal Jamaica;"q%|(S(~+/DaS|gm~n%a<4M1"cS&j8X}DQXVf)+d$79=4EiSb05h[Jw;i;SY_TAJ@*V#nC;6Lo'zKr$S'tCot"OJ>0KM-.+..5xZ:5}c<t6o0QemQG91A1hef:w.exj3'9stUrp_";"=k8oQP|;6*n5tp`:=3S|c>X&^JQB!f}V2dvI;}h^=3\@U3'i.}mC'*Hn}.[5/0BFrFM~G8LjqrowT*h";Home Loan Account;CFP Franc back-end Via;2019-10-09T15:44:47;OTHER;ACTIVE;Illinois robust;2019-10-09T23:03:44;Creek;Shirt Metal
