id;comment;created_date;employee_name;employee_email
1;Tasty Metal Chair Handcrafted Rubber Sausages Officer;2019-10-09T22:37:03;Unions algorithm;Leone
2;azure;2019-10-10T09:11:23;experiences online program;indexing
3;South Georgia and the South Sandwich Islands;2019-10-09T20:29:15;payment;Organic Granite
4;SMS;2019-10-09T23:13:49;models streamline;projection Maldives
5;withdrawal alarm Timor-Leste;2019-10-10T01:42:47;SSL web-readiness;JBOD Books
6;sky blue matrix Data;2019-10-10T10:16:33;Garden Licensed Steel Shirt Sleek Granite Tuna;AGP Coordinator
7;Practical killer Russian Federation;2019-10-09T18:22:56;Music;B2C systematic
8;program;2019-10-09T21:49:05;24/7;Associate partnerships disintermediate
9;Concrete Usability neural;2019-10-10T05:44:28;Massachusetts;SCSI Communications Underpass
10;Officer parse;2019-10-10T10:23:49;matrix;deposit Auto Loan Account Avon
